cityName,Ward No,Ward Name,Name of healthcare facility,Type of facility,Latitude,Longitude
Pune,6,Kothrud-Bawdhan,Jog Hospital,private hospital,18.5091699,73.82159066
Pune,6,Kothrud-Bawdhan,Parivartan Ayurved Hospital,private hospital,18.5132423,73.80802103
Pune,6,Kothrud-Bawdhan,Devyani Multy Speciality Hospital,private hospital,18.4949895,73.81212228
Pune,6,Kothrud-Bawdhan,Suyash Hospityal,private hospital,18.5000925,73.81233642
Pune,6,Kothrud-Bawdhan,Devyani Hospital Surguri Maternity & General Nursing Home,private hospital,18.4959252,73.81222704
Pune,6,Kothrud-Bawdhan,Krishna Hospital,private hospital,18.5092184,73.81268003
Pune,6,Kothrud-Bawdhan,Bakshi Hospital,private hospital,18.5077479,73.80542197
Pune,6,Kothrud-Bawdhan,"Sahyadri Hospital, Kothrud",private hospital,18.5074423,73.80575713
Pune,6,Kothrud-Bawdhan,Devyani Multy Speciality Hospital,private hospital,18.4959176,73.81243305
Pune,6,Kothrud-Bawdhan,Vision Eye Center,private hospital,18.5075957,73.80689646
Pune,6,Kothrud-Bawdhan,Sarpotdar Eye Hospital,private hospital,18.510586,73.81989926
Pune,6,Kothrud-Bawdhan,Kulkarni Endo Surgery  Institute & Re-Effective Urologist Center,private hospital,18.5097874,73.80298726
Pune,4,Aundh-Baner,Renu Hospital,private hospital,18.5719383,73.83759855
Pune,4,Aundh-Baner,Kotbagi  Hospital Pvt. Ltd.,private hospital,18.5619453,73.8048489
Pune,15,Bibwewadi,Anand Hospital,private hospital,18.4713277,73.86397524
Pune,15,Bibwewadi,Unity Ortho & Eyes Hospital,private hospital,18.4712384,73.85746393
Pune,15,Bibwewadi,Mehta Nursing Home,private hospital,18.4991081,73.86918789
Pune,15,Bibwewadi,Dugad Hospital,private hospital,18.4910595,73.8581677
Pune,15,Bibwewadi,Chintamani Hospital,private hospital,18.4757006,73.86208654
Pune,15,Bibwewadi,"Sahydri Hospital Ltd. Sahyadri Hospital, Bibvewadi",private hospital,18.4768711,73.8625507
Pune,15,Bibwewadi,Dr. Bande Hospital,private hospital,18.4902514,73.8579388
Pune,15,Bibwewadi,Rao Nursing Home,private hospital,18.4846951,73.85879594
Pune,15,Bibwewadi,Rukhmini Hospital,private hospital,18.4950028,73.86184672
Pune,15,Bibwewadi,Kamla Nursing Home,private hospital,18.4892497,73.86224102
Pune,15,Bibwewadi,Parasnis Hospital,private hospital,18.4746652,73.85874774
Pune,15,Bibwewadi,Karne Hospital Pvt. Ltd. Orthopedic Nursing Home,private hospital,18.4957009,73.85831637
Pune,15,Bibwewadi,Dr. Bhagli Clinic,private hospital,18.4746388,73.85791895
Pune,15,Bibwewadi,Dr. Bhagli Nursing Home,private hospital,18.4746086,73.85792077
Pune,15,Bibwewadi,"Ranka Medical Foundetion, Ranka Hospital",private hospital,18.494933,73.86184047
Pune,15,Bibwewadi,Sangam Hospital,private hospital,18.4765191,73.85750876
Pune,3,Dhole Patil,Kirad Hospital,private hospital,18.5142545,73.86886318
Pune,3,Dhole Patil,Renu Maternity & Nursing Home,private hospital,18.5156975,73.87092773
Pune,3,Dhole Patil,N. M. Wadiya Institute of Cardiology Charitable Trust,private hospital,18.530461,73.8772286
Pune,3,Dhole Patil,Grant Medical Foundetion Ruby Holl Clinic,private hospital,18.5334009,73.87738058
Pune,3,Dhole Patil,Jehangir Hospital,private hospital,18.5302176,73.87686631
Pune,3,Dhole Patil,Dr. Gogate Eye Clinic,private hospital,18.5319958,73.87452667
Pune,3,Dhole Patil,Kalekar Hospital,private hospital,18.5228262,73.86802192
Pune,1,Nagar Road- Wadgaonsheri,Shree Hospital Criticare & Trauma Centre Pvt.Ltd.,private hospital,18.5515319,73.94122124
Pune,1,Nagar Road- Wadgaonsheri,Medipoint Hospital,private hospital,18.5626131,73.93375615
Pune,1,Nagar Road- Wadgaonsheri,Kohkade Hospital,private hospital,18.5628385,73.93184179
Pune,1,Nagar Road- Wadgaonsheri,Gold Rush Hospital,private hospital,18.5500917,73.93729302
Pune,1,Nagar Road- Wadgaonsheri,Mrunmayee Health Cear Pvt. Ltd. (Sangamnerkar Hospital),private hospital,18.561147,73.92141073
Pune,2,Yerwada-Kalas- Dhanori,Katariya Hospital,private hospital,18.545521,73.88597036
Pune,2,Yerwada-Kalas- Dhanori,Ct Nursing Home,private hospital,18.59711,73.90164403
Pune,10,Hadapsar-Mundhawa,Usha Kiran Hospital,private hospital,18.501784,73.93494269
Pune,10,Hadapsar-Mundhawa,Sanjeevani Nursing Home,private hospital,18.5011756,73.94093173
Pune,10,Hadapsar-Mundhawa,Ratnadeep  Hospital,private hospital,18.5012793,73.93719252
Pune,10,Hadapsar-Mundhawa,Sane Guruji Aarogya Kendra,private hospital,18.5034909,73.93810336
Pune,10,Hadapsar-Mundhawa,"Sahyadri Hospital Ltd, Hadapsar.",private hospital,18.5028683,73.92779919
Pune,10,Hadapsar-Mundhawa,Sanjeevani Nursing Home,private hospital,18.5006386,73.94433468
Pune,10,Hadapsar-Mundhawa,Tupe Hospital,private hospital,18.5013038,73.93644002
Pune,10,Hadapsar-Mundhawa,Nobel  Hospital,private hospital,18.5033274,73.92731848
Pune,10,Hadapsar-Mundhawa,Noble Hospital,private hospital,18.5037415,73.92734033
Pune,10,Hadapsar-Mundhawa,Pbmas H.V.Desai Hospital,private hospital,18.4723273,73.9238448
Pune,10,Hadapsar-Mundhawa,Z Plus Accident Hospital & Nursing Home,private hospital,18.5023763,73.93290466
Pune,10,Hadapsar-Mundhawa,Zanzurne Accident Hospital,private hospital,18.5018891,73.93301485
Pune,10,Hadapsar-Mundhawa,Vassan Eye Care Hospital,private hospital,18.5167739,73.93317104
Pune,10,Hadapsar-Mundhawa,Alatkar Hospital,private hospital,18.5019906,73.93256001
Pune,10,Hadapsar-Mundhawa,Tanmay Nursing Home,private hospital,18.5009897,73.94295797
Pune,10,Hadapsar-Mundhawa,Lotus Hospital,private hospital,18.5025203,73.93369804
Pune,11,Wanawadi-Ramtekdi,Grant Medical Foundetion Ruby Holl Clinic- Wanovari,private hospital,18.4853169,73.90486796
Pune,11,Wanawadi-Ramtekdi,Inamdar Hospital ( C.I.M.E.T.),private hospital,18.5031819,73.90010216
Pune,11,Wanawadi-Ramtekdi,Satyanand  Hospital,private hospital,18.4707934,73.88868992
Pune,11,Wanawadi-Ramtekdi,Sarwat Hospital,private hospital,18.4704972,73.88780422
Pune,11,Wanawadi-Ramtekdi,Navjeevan Nursing Home,private hospital,18.4862815,73.93103888
Pune,12,Kondhwa-Yewalewadi,Chordiya Nursing Home,private hospital,18.466031,73.86396181
Pune,12,Kondhwa-Yewalewadi,Pawar Hospital,private hospital,18.465905,73.86010142
Pune,12,Kondhwa-Yewalewadi,Sidhhi Hospital Laproscopy Center,private hospital,18.4642915,73.85931902
Pune,7,Dhankawadi- Sahakarnagar,Yashshree Maternity & Nursing Home,private hospital,18.4898166,73.85004897
Pune,7,Dhankawadi- Sahakarnagar,Mother Home Fartility Clinic,private hospital,18.4891233,73.85703134
Pune,7,Dhankawadi- Sahakarnagar,Zanwar Eye Hospital,private hospital,18.4890425,73.85703449
Pune,7,Dhankawadi- Sahakarnagar,Bharti Hospital,private hospital,18.4589235,73.85678324
Pune,7,Dhankawadi- Sahakarnagar,Disha Nursing Home,private hospital,18.4663047,73.85234715
Pune,7,Dhankawadi- Sahakarnagar,Bharti Hospital,private hospital,18.4593206,73.85725687
Pune,7,Dhankawadi- Sahakarnagar,Kothari Hospital,private hospital,18.4868036,73.85720785
Pune,7,Dhankawadi- Sahakarnagar,Anand Hospital,private hospital,18.4654492,73.85057513
Pune,7,Dhankawadi- Sahakarnagar,Chaitanya Nursing Home,private hospital,18.4653789,73.85251713
Pune,7,Dhankawadi- Sahakarnagar,Bharti Homeopathic Hospital,private hospital,18.4588916,73.85680646
Pune,7,Dhankawadi- Sahakarnagar,Modi Clinic,private hospital,18.4654574,73.85641785
Pune,7,Dhankawadi- Sahakarnagar,Bharti Ayurved Hospital,private hospital,18.4589627,73.85625754
Pune,13,Kasba- Vishrambagwada,Shahade Hospital,private hospital,18.4980417,73.85384566
Pune,13,Kasba- Vishrambagwada,Laxmi Clinc,private hospital,18.5136354,73.84559137
Pune,13,Kasba- Vishrambagwada,Dr. Deshmukh Hospital,private hospital,18.5034889,73.8565846
Pune,13,Kasba- Vishrambagwada,Jabde Hospital,private hospital,18.5189179,73.85948013
Pune,13,Kasba- Vishrambagwada,Colony Nursing Home,private hospital,18.5014524,73.84781933
Pune,13,Kasba- Vishrambagwada,Dr. Purandare Maternity Home,private hospital,18.5023695,73.85865433
Pune,13,Kasba- Vishrambagwada,Dr. Tarabai Limye Hospital,private hospital,18.5142345,73.8494506
Pune,13,Kasba- Vishrambagwada,Dr. Paranjpe Gynae Hospital,private hospital,18.5115989,73.84595553
Pune,13,Kasba- Vishrambagwada,Laxmi Prasutigruh & Jeevan Joyti Hospital,private hospital,18.511929,73.85450819
Pune,13,Kasba- Vishrambagwada,Surya Hospital Pvt. Ltd. Surya Sahaydri Hospital,private hospital,18.5215923,73.85579984
Pune,13,Kasba- Vishrambagwada,Parvati Netra Chikitsalya,private hospital,18.507293,73.85177932
Pune,13,Kasba- Vishrambagwada,N. M. Wadia Hospital,private hospital,18.5071685,73.85499234
Pune,13,Kasba- Vishrambagwada,Harjeevan Hospital,private hospital,18.5001426,73.85408736
Pune,13,Kasba- Vishrambagwada,Manoj Clinic,private hospital,18.5114385,73.84876844
Pune,13,Kasba- Vishrambagwada,Aashtang Ayurved Rugnalaya,private hospital,18.5069646,73.85072195
Pune,13,Kasba- Vishrambagwada,Dr. Purohit Maternity Hospital,private hospital,18.497601,73.85210745
Pune,13,Kasba- Vishrambagwada,Chinmay Nursing Home,private hospital,18.5066159,73.84475521
Pune,13,Kasba- Vishrambagwada,Niranjan Nursing Home,private hospital,18.5102768,73.85264344
Pune,13,Kasba- Vishrambagwada,Sharada Clinic Shaishav Clinic,private hospital,18.5137981,73.84772473
Pune,13,Kasba- Vishrambagwada,Day Care  Orthopedic Hospital,private hospital,18.506127,73.85389021
Pune,13,Kasba- Vishrambagwada,Ent Hospital,private hospital,18.4965233,73.85438072
Pune,13,Kasba- Vishrambagwada,Surgical Nursing Home,private hospital,18.5034406,73.85222131
Pune,13,Kasba- Vishrambagwada,Sutika Seva Mandir,private hospital,18.5139169,73.84640123
Pune,13,Kasba- Vishrambagwada,Dr.Ketkar Ent Hospital,private hospital,18.5145113,73.84702507
Pune,13,Kasba- Vishrambagwada,Mahatma Gandhi Hospital,private hospital,18.5127056,73.84419483
Pune,13,Kasba- Vishrambagwada,Dr.Patankar Medical Foundetion & Patankar Hospital Pvt. Ltd.,private hospital,18.5003435,73.85430306
Pune,13,Kasba- Vishrambagwada,Dr. Chitale Ent Hospital,private hospital,18.5061689,73.85289289
Pune,13,Kasba- Vishrambagwada,Jijamata Hospital,private hospital,18.5192632,73.85714533
Pune,13,Kasba- Vishrambagwada,Universal Hospital,private hospital,18.5215002,73.85566468
Pune,13,Kasba- Vishrambagwada,Lokmanya Hospital Pvt. Ltd.,private hospital,18.4959852,73.85427766
Pune,13,Kasba- Vishrambagwada,Anand Maternity & Nursing Home,private hospital,18.5054941,73.85053047
Pune,13,Kasba- Vishrambagwada,Sammohini Clinic,private hospital,18.5079993,73.8430136
Pune,13,Kasba- Vishrambagwada,Gokhale Hospital,private hospital,18.5023373,73.8568698
Pune,13,Kasba- Vishrambagwada,Dr. Ranade Hospital,private hospital,18.5121401,73.84916807
Pune,13,Kasba- Vishrambagwada,Lathi Hospital & Surgical Nursing Home,private hospital,18.5146524,73.85000965
Pune,13,Kasba- Vishrambagwada,Godbole Hospital,private hospital,18.5111808,73.85138735
Pune,13,Kasba- Vishrambagwada,Kelkar Pediatric Hospital (Children),private hospital,18.503906,73.85571762
Pune,13,Kasba- Vishrambagwada,Shintre Hospital,private hospital,18.5121989,73.849542
Pune,13,Kasba- Vishrambagwada,Nursing Home,private hospital,18.512151,73.84953817
Pune,13,Kasba- Vishrambagwada,Amey Nursing Home,private hospital,18.5059518,73.85677009
Pune,13,Kasba- Vishrambagwada,Poona Hospital & Reasarch Center,private hospital,18.5110196,73.8424597
Pune,13,Kasba- Vishrambagwada,Dr. Khurd Maternity Home,private hospital,18.5157111,73.85615119
Pune,13,Kasba- Vishrambagwada,Asha Kiran Hospital,private hospital,18.5159023,73.84746873
Pune,13,Kasba- Vishrambagwada,Bidaye Hospital Pvt.Ltd.,private hospital,18.5091951,73.84522332
Pune,13,Kasba- Vishrambagwada,Dr. Pabalkar Nursing Home,private hospital,18.5061852,73.8565195
Pune,13,Kasba- Vishrambagwada,Chavan Nursing Home,private hospital,18.5019594,73.85852748
Pune,13,Kasba- Vishrambagwada,Yashwant Eye Clinic & Hospital,private hospital,18.4968902,73.85448405
Pune,13,Kasba- Vishrambagwada,"Sathe Eye Clinic, Day Care Clinic",private hospital,18.5138288,73.84498919
Pune,13,Kasba- Vishrambagwada,Ramkrishna  Hospital,private hospital,18.5093475,73.84820333
Pune,13,Kasba- Vishrambagwada,Samarth Hospital,private hospital,18.5195018,73.8621055
Pune,13,Kasba- Vishrambagwada,Dhanwantari Hospital,private hospital,18.5193877,73.86637561
Pune,13,Kasba- Vishrambagwada,S.P. Deshpande Eye Clinic,private hospital,18.5157878,73.8470853
Pune,13,Kasba- Vishrambagwada,Vibhute Hospital,private hospital,18.504137,73.85165049
Pune,13,Kasba- Vishrambagwada,Parvati General Hospital,private hospital,18.4983245,73.85055828
Pune,13,Kasba- Vishrambagwada,Bhide Hospital Orthopedic Divission,private hospital,18.5048664,73.8443334
Pune,13,Kasba- Vishrambagwada,Lapro Obeso Center,private hospital,18.5044878,73.85108619
Pune,13,Kasba- Vishrambagwada,Netra Seva Kendra (Jan Kalyan Eye Bank),private hospital,18.5146832,73.84726299
Pune,13,Kasba- Vishrambagwada,Sarswati Vilas Hospital,private hospital,18.5145037,73.85175613
Pune,13,Kasba- Vishrambagwada,Bhide Hospital Balrog Vibhag,private hospital,18.5048168,73.84430481
Pune,13,Kasba- Vishrambagwada,Yogesh Hospital,private hospital,18.5104292,73.84786016
Pune,13,Kasba- Vishrambagwada,Date Hospital,private hospital,18.4962318,73.85374921
Pune,13,Kasba- Vishrambagwada,Gandhi Accident & General Hospital,private hospital,18.5173963,73.84715994
Pune,13,Kasba- Vishrambagwada,Date Hospital,private hospital,18.5097097,73.85237477
Pune,13,Kasba- Vishrambagwada,Eye Hospital (Dr. Bhat's Eye Care Center),private hospital,18.5134975,73.84590853
Pune,13,Kasba- Vishrambagwada,K.E.M. Hospital,private hospital,18.5198093,73.86724329
Pune,13,Kasba- Vishrambagwada,Ashwini Hospital,private hospital,18.5061837,73.8443349
Pune,13,Kasba- Vishrambagwada,Saikrupa Nursing Home,private hospital,18.5165182,73.84771221
Pune,13,Kasba- Vishrambagwada,Chandrama Clinic,private hospital,18.508608,73.8457036
Pune,13,Kasba- Vishrambagwada,Aadhar Hospital,private hospital,18.4935942,73.85034467
Pune,13,Kasba- Vishrambagwada,Shantalaxmi Clinic,private hospital,18.5086763,73.85500388
Pune,13,Kasba- Vishrambagwada,Dr. Bhange's Eye Day Care Center,private hospital,18.5086631,73.85503866
Pune,13,Kasba- Vishrambagwada,Nova Pluse Ivf Clinic Pvt. Ltd.,private hospital,18.5029712,73.8521089
Pune,13,Kasba- Vishrambagwada,Neo Hospital,private hospital,18.5061368,73.8522629
Pune,13,Kasba- Vishrambagwada,Chaitanya Eye Clinic & Phaco Centre,private hospital,18.516541,73.85158874
Pune,13,Kasba- Vishrambagwada,Apolo Speciality Hospitals Pvt. Ltd.,private hospital,18.5029266,73.85210357
Pune,14,Bhawani Peth,Children Hospital,private hospital,18.5188041,73.86023877
Pune,14,Bhawani Peth,Aliance Munot Hospital,private hospital,18.501787,73.86921741
Pune,14,Bhawani Peth,Sharada Clinic,private hospital,18.5012305,73.86635352
Pune,14,Bhawani Peth,Naik Orthopadic Hospital,private hospital,18.5103848,73.85943727
Pune,14,Bhawani Peth,Wagdarikar Hospital,private hospital,18.5177589,73.8587391
Pune,14,Bhawani Peth,Meera Hospital,private hospital,18.502236,73.8747181
Pune,14,Bhawani Peth,Yashada Hospital,private hospital,18.5162507,73.86153084
Pune,14,Bhawani Peth,Sheth Tarachand Ramanath Charitable Aurvedic Hospital,private hospital,18.5179954,73.86448721
Pune,8,Sinhagad Road,Patil Hospital,private hospital,18.4791546,73.82480223
Pune,8,Sinhagad Road,Wadekar Nursing Home (Maternity Home & Dispensary),private hospital,18.472983,73.81941069
Pune,8,Sinhagad Road,Adate General Hospital,private hospital,18.4627945,73.81436613
Pune,8,Sinhagad Road,Dr. Karawa Hospital Maternity Surgical & General Hospital,private hospital,18.5009427,73.84611344
Pune,8,Sinhagad Road,Trimurti Hospital,private hospital,18.4621095,73.81491098
Pune,8,Sinhagad Road,Ashirwad Hospital,private hospital,18.4797357,73.82834751
Pune,8,Sinhagad Road,Rakshak Multi Specility Hospital,private hospital,18.4643487,73.81532899
Pune,8,Sinhagad Road,Madhukar General Hospital,private hospital,18.4788986,73.82411119
Pune,8,Sinhagad Road,Jagtap Hospital,private hospital,18.4774274,73.82381146
Pune,8,Sinhagad Road,Sadguru Nursing Home,private hospital,18.480586,73.82951492
Pune,8,Sinhagad Road,Parvati General Hospital,private hospital,18.5007037,73.84619906
Pune,8,Sinhagad Road,Pharande Eye Hospital & Phaco,private hospital,18.4777778,73.82399111
Pune,8,Sinhagad Road,Sharad Hospital,private hospital,18.4684337,73.81891139
Pune,5,Shivajinagar-Ghole Road,Mahrashtra Medical Foundetion Joshi Hosptial,private hospital,18.5171774,73.83323065
Pune,5,Shivajinagar-Ghole Road,Sathe Hospital,private hospital,18.5154496,73.84194242
Pune,5,Shivajinagar-Ghole Road,Hrishikesh Healthcare Pvt. Ltd.,private hospital,18.5164131,73.84213022
Pune,5,Shivajinagar-Ghole Road,Sushrut  Hospital,private hospital,18.5302359,73.84758768
Pune,5,Shivajinagar-Ghole Road,Sanjeevan Surgery/ Atharva Netralaya & Reserch Centre,private hospital,18.5246082,73.84237112
Pune,5,Shivajinagar-Ghole Road,Ghaisas Ent Hospital,private hospital,18.5172985,73.84236323
Pune,5,Shivajinagar-Ghole Road,Atharv Hospital,private hospital,18.53119,73.84731013
Pune,5,Shivajinagar-Ghole Road,Vision Next,private hospital,18.520531,73.84417413
Pune,5,Shivajinagar-Ghole Road,Dr. Wachasunder Ent Clinic,private hospital,18.5326896,73.84288448
Pune,5,Shivajinagar-Ghole Road,Nursing Home,private hospital,18.5284586,73.84942951
Pune,5,Shivajinagar-Ghole Road,Maharashtra Medical Foundetion Ratna Memorial Hospital,private hospital,18.5276913,73.82960304
Pune,5,Shivajinagar-Ghole Road,Dabake Maternity & General Nursing Home,private hospital,18.5123551,73.83818309
Pune,5,Shivajinagar-Ghole Road,Gupte Hospital of Acurate Daigonestic Pvt.Ltd.,private hospital,18.5184926,73.83988249
Pune,5,Shivajinagar-Ghole Road,Polyclinic & Hospital,private hospital,18.5228462,73.85107889
Pune,5,Shivajinagar-Ghole Road,Konkan Mitra Mandal Trust's Sahyadri Speciality Hospital,private hospital,18.513101,73.83929666
Pune,5,Shivajinagar-Ghole Road,Accurate Diagnostic Pvt. Ltd.,private hospital,18.5194333,73.83997699
Pune,5,Shivajinagar-Ghole Road,Center For Joint Repleacment Surgary,private hospital,18.5297972,73.85262256
Pune,5,Shivajinagar-Ghole Road,Shreeyash Hospital,private hospital,18.5158584,73.84188041
Pune,5,Shivajinagar-Ghole Road,Sancheti Institute For Orthopedic & Rehabilitaion,private hospital,18.529803,73.85304012
Pune,5,Shivajinagar-Ghole Road,Surgical & General Nursing Home,private hospital,18.5246144,73.84984613
Pune,5,Shivajinagar-Ghole Road,Deendayal Memorial Hospital,private hospital,18.5246973,73.84113306
Pune,5,Shivajinagar-Ghole Road,Suraj Hospital,private hospital,18.5257487,73.85271316
Pune,5,Shivajinagar-Ghole Road,Deccan Center,private hospital,18.5189549,73.84463076
Pune,5,Shivajinagar-Ghole Road,Prashant Hospital Maternity & General Hospital,private hospital,18.5241744,73.84353928
Pune,5,Shivajinagar-Ghole Road,Oyster  & Pearl Hospital Pvt.Ltd.,private hospital,18.5319151,73.84731079
Pune,5,Shivajinagar-Ghole Road,Oyster  & Pearl Tulip  Hospital,private hospital,18.5294331,73.82849362
Pune,5,Shivajinagar-Ghole Road,Dr. Manohar Joshi Memorial Hospital,private hospital,18.5244702,73.84362612
Pune,5,Shivajinagar-Ghole Road,Kelkar Hospital,private hospital,18.5238131,73.84701137
Pune,5,Shivajinagar-Ghole Road,Sakhi Clinic,private hospital,18.5293097,73.84328456
Pune,5,Shivajinagar-Ghole Road,Dr. Kothari Accident Hospital,private hospital,18.5216956,73.84521143
Pune,5,Shivajinagar-Ghole Road,Vision Next,private hospital,18.5205916,73.84398172
Pune,5,Shivajinagar-Ghole Road,Dr. Arun Limaye Memorial Nandadip Hospital & Resarch Center Pvt. Ltd.,private hospital,18.5254842,73.84185157
Pune,5,Shivajinagar-Ghole Road,Pearl Womens Hospital & Yash Ivf`,private hospital,18.5178319,73.84438467
Pune,5,Shivajinagar-Ghole Road,Pioneer Medilesar Pvt. Ltd.,private hospital,18.5252102,73.84180896
Pune,5,Shivajinagar-Ghole Road,Kids Clinic (I) Pvt. Ltd. Cloud Nine Hospital,private hospital,18.5335351,73.84718891
Pune,5,Shivajinagar-Ghole Road,Kaluskar Hospital & Laboretory,private hospital,18.5226483,73.84778341
Pune,5,Shivajinagar-Ghole Road,Phadke Hospital,private hospital,18.5181324,73.84390052
Pune,9,Warje-Karvenagar,Lokmanya Hospital,private hospital,18.5100547,73.83588457
Pune,9,Warje-Karvenagar,Nanal Hospital,private hospital,18.5114677,73.83728408
Pune,9,Warje-Karvenagar,Dwidal Nursing Home,private hospital,18.5093097,73.83614629
Pune,9,Warje-Karvenagar,Galaxcy Care Laproscopy Institute Pvt. Ltd.,private hospital,18.5114185,73.83722626
Pune,9,Warje-Karvenagar,Amey Clinic Maternity & Gynae Surgical Home,private hospital,18.5037095,73.82878358
Pune,9,Warje-Karvenagar,Madhavrao Rande Memorial Hospital (Sanjivan Hospital),private hospital,18.5102083,73.83704621
Pune,9,Warje-Karvenagar,Dhodu Mama Sathe Hospital Vaidykiya Mahavidyalaya,private hospital,18.5098442,73.83679248
Pune,9,Warje-Karvenagar,Deodhar Eyes Hospital,private hospital,18.5114617,73.83643808
Pune,9,Warje-Karvenagar,Shashwat Health Pvt.Ltd Shashwat Hospital,private hospital,18.4948393,73.81359283
Pune,9,Warje-Karvenagar,Lata Mangeshkar Medical Foundation's Mai Mangeshkar Hospital,private hospital,18.4851605,73.79978785
Pune,9,Warje-Karvenagar,Nachiket Hospital,private hospital,18.5092237,73.83162954
Pune,9,Warje-Karvenagar,Deenannath Mangeshkar Hospital,private hospital,18.5019056,73.83313987
Pune,9,Warje-Karvenagar,Vinayak Hospital,private hospital,18.4856366,73.79677714
Pune,9,Warje-Karvenagar,Prabhu Desai Eye Clinic,private hospital,18.5009612,73.82031088
Pune,9,Warje-Karvenagar,Janani Nursing Home,private hospital,18.4947657,73.81356017
Pune,6,Kothrud-Bawdhan,Late. Jayabai Nanasaheb Sutar Maternity Home Dawakhana,Government hospital(PMC),18.503652,73.807762
Pune,6,Kothrud-Bawdhan,Late. Sundarabai Ganpatrao Raut,Government hospital(PMC),18.511578,73.820137
Pune,4,Aundh-Baner,Sanjay Gandhi Maternity Home,Government hospital(PMC),18.571104,73.838294
Pune,4,Aundh-Baner,Late. Sahadev Eknath Nimhan Maternity Home,Government hospital(PMC),18.537722,73.795979
Pune,4,Aundh-Baner,Aundh Kuti Maternity Home,Government hospital(PMC),18.562805,73.810015
Pune,4,Aundh-Baner,Late. Baburao Genba Shevale Dawakhana,Government hospital(PMC),18.562739,73.832653
Pune,15,Bibwewadi,Late. Indumati Manilal Khanna Dawakhana,Government hospital(PMC),18.492471,73.866599
Pune,15,Bibwewadi,Bharatratna Dr. Babasaheb Ambedkar Dawakhana,Government hospital(PMC),18.496225,73.870225
Pune,15,Bibwewadi,Yugpurush Raja Shiv Chatrapati Bibvewadi (Appar) Pune manapa Dawakhana,Government hospital(PMC),18.461404,73.868892
Pune,3,Dhole Patil,Rajeshree Shahu Maharaj Dawakhana,Government hospital(PMC),18.527713,73.907674
Pune,3,Dhole Patil,Late. Bapusaheb Genuji Kawade Patil Dawakhana,Government hospital(PMC),18.537819,73.898493
Pune,3,Dhole Patil,Dr. Naidu Hospital,Government hospital(PMC),18.53139,73.869151
Pune,1,Nagar Road-Wadgaonsheri,Late. Damodar Ravji Galande Patil Dawakhana,Government hospital(PMC),18.551841,73.896929
Pune,1,Nagar Road-Wadgaonsheri,Khrist. Rok Edward Poul Dawakhana,Government hospital(PMC),18.577003,73.899032
Pune,1,Nagar Road-Wadgaonsheri,Late. Lokshahir Annabhau Sathe Dawakhana,Government hospital(PMC),18.549598,73.890645
Pune,2,Yerwada-Kalas-Dhanori,Bharat Ratna Late. Rajiv Gandhi Maternity Home,Government hospital(PMC),18.545626,73.883893
Pune,2,Yerwada-Kalas-Dhanori,Late. Genba Tukaram Mhaske Dawakhana,Government hospital(PMC),18.578015,73.874962
Pune,2,Yerwada-Kalas-Dhanori,"Siddharth Dawakhana, Vishrantwadi",Government hospital(PMC),18.572164,73.878738
Pune,10,Hadapsar-Mundhawa,Late. Annasaheb Magar Maternity Home,Government hospital(PMC),18.503093,73.92653
Pune,10,Hadapsar-Mundhawa,Late. Sakharam Kundlik Kodre Maternity Home,Government hospital(PMC),18.53391,73.927257
Pune,11,Wanawadi-Ramtekdi,Late. Namdevrao Shivarkar Maternity Home,Government hospital(PMC),18.497237,73.89985
Pune,11,Wanawadi-Ramtekdi,Late. Minatai Thakare Maternity Home,Government hospital(PMC),18.475892,73.889505
Pune,11,Wanawadi-Ramtekdi,"PMC Dawakhana, Pune",Government hospital(PMC),18.485521,73.899035
Pune,7,Dhankawadi-Sahakarnagar,Late. Shivshankar Pote Dawakhana,Government hospital(PMC),18.4765,73.856033
Pune,13,Kasba-Vishrambagwada,Late. Matoshri Ramabai Ambedkar Maternity Home,Government hospital(PMC),18.50291,73.850023
Pune,13,Kasba-Vishrambagwada,Rajamata Jijau Maternity Home,Government hospital(PMC),18.4972131,73.8550317
Pune,13,Kasba-Vishrambagwada,Janta Vasahat Dawakhana,Government hospital(PMC),18.5041367,73.85130454
Pune,13,Kasba-Vishrambagwada,Kamala Nehru Hospital (General Hospital),Government hospital(PMC),18.52283,73.86199
Pune,13,Kasba-Vishrambagwada,Late. Anandibai Narhar Gadgil Dawakhana,Government hospital(PMC),18.502322,73.838387
Pune,13,Kasba-Vishrambagwada,"Hindu Ruday Samrat, Shivsena Pramukh, Balasheb Thakre Dawakhana",Government hospital(PMC),18.497456,73.853928
Pune,13,Kasba-Vishrambagwada,Late. Dadasaheb Gaikwad Dawakhana,Government hospital(PMC),18.524737,73.865131
Pune,13,Kasba-Vishrambagwada,Late. Kalavatibai Mavale Dawakhana,Government hospital(PMC),18.514826,73.84675
Pune,13,Kasba-Vishrambagwada,Late. Mukundrao Lele Dawakhana,Government hospital(PMC),18.519752,73.854411
Pune,14,Bhawani Peth,Bai Bhikayji Pestanji Bammanji Dawakhana,Government hospital(PMC),18.511186,73.870064
Pune,14,Bhawani Peth,Late. Chandu Mama Sonawane Maternity Home,Government hospital(PMC),18.505713,73.868817
Pune,14,Bhawani Peth,Late. Savitribai Phule Maternity Home,Government hospital(PMC),18.504876,73.86102
Pune,14,Bhawani Peth,Late.Malti Kachi Maternity Home,Government hospital(PMC),18.5121324,73.85800581
Pune,14,Bhawani Peth,Late. Rohidas Kirad Dawakhana,Government hospital(PMC),18.511242,73.868669
Pune,14,Bhawani Peth,Late. Kotnis Aarogya Kendra,Government hospital(PMC),18.511875,73.857932
Pune,14,Bhawani Peth,Late. Balaji Rakhmaji Gaikwad Dawakhana,Government hospital(PMC),18.509032,73.86526
Pune,14,Bhawani Peth,Late. Mamasaheb Badade Dawakhana,Government hospital(PMC),18.515515,73.867725
Pune,14,Bhawani Peth,Hutatma Babu Genu Dawakhana,Government hospital(PMC),18.515805,73.859786
Pune,5,Shivajinagar-Ghole Road,Dr. Dalvi Maternity Hospital,Government hospital(PMC),18.533046,73.84891
Pune,5,Shivajinagar-Ghole Road,Dr. Homi J. Bhabha Maternity Home,Government hospital(PMC),18.529152,73.833361
Pune,5,Shivajinagar-Ghole Road,Late. Jangalrao Kondiba Amrale Dawakhana,Government hospital(PMC),18.522728,73.852555
Pune,9,Warje-Karvenagar,Bindu Madhav Thakare Dawakhana,Government hospital(PMC),18.496497,73.816307
Pune,9,Warje-Karvenagar,Late. Arvind Ganpat Bartakke Dawakhana,Government hospital(PMC),18.488853,73.795542
Pune,9,Warje-Karvenagar,"Late. Prathak Barate Dawakhana, Warje Malwadi",Government hospital(PMC),18.4835225,73.79259612
Pune,9,Warje-Karvenagar,"Late. Tharkude Dawakhana, Erandwana",Government hospital(PMC),18.5066,73.832811
Pune,9,Warje-Karvenagar,Late. Vijayabai Shirke Aarogya Kendra,Government hospital(PMC),18.487103,73.815248
Pune,6,Kothrud-Bawdhan,Homeopathic Clinic,private clinic,18.509069,73.811947
Pune,6,Kothrud-Bawdhan,"Lasik Laser Cataract Eye Surgery, Eye Clinic Specialist In Pune",private clinic,18.515617,73.815373
Pune,6,Kothrud-Bawdhan,Deshpande X - Ray & Sonography Clinic,private clinic,18.5072667,73.8041923
Pune,6,Kothrud-Bawdhan,Health Point Polyclinic,private clinic,18.5024366,73.8096192
Pune,6,Kothrud-Bawdhan,Dr Batra's,private clinic,18.5026095,73.8170481
Pune,6,Kothrud-Bawdhan,Skin specialist in Pune kothrud clinic,private clinic,18.502302,73.815879
Pune,6,Kothrud-Bawdhan,Eternis Skin & Hair clinic,private clinic,18.506019,73.817779
Pune,6,Kothrud-Bawdhan,Patwardhan Eye Clinic,private clinic,18.5102629,73.8176979
Pune,6,Kothrud-Bawdhan,Vitalife Clinic,private clinic,18.5119723,73.7825397
Pune,6,Kothrud-Bawdhan,Gholap Clinic,private clinic,18.5098134,73.8149038
Pune,6,Kothrud-Bawdhan,Vitalife Clinic,private clinic,18.5090853,73.7898687
Pune,6,Kothrud-Bawdhan,Samvedan Ent & Eye Care Center,private clinic,18.515151,73.782452
Pune,6,Kothrud-Bawdhan,Dr. Swanand S. Gholap,private clinic,18.5091081,73.8118926
Pune,6,Kothrud-Bawdhan,"Life Force Homeopathy Clinic, Paud Road, Pune",private clinic,18.51019,73.819095
Pune,4,Aundh-Baner,Vitalife Clinic,private clinic,18.542527,73.7907
Pune,4,Aundh-Baner,Skin City India - Skin Care and Hair Fall Treatment Specialist in Aundh,private clinic,18.560076,73.809611
Pune,4,Aundh-Baner,Spinalogy Clinic,private clinic,18.553231,73.809165
Pune,4,Aundh-Baner,Divya Eye Clinic,private clinic,18.5604318,73.8126775
Pune,4,Aundh-Baner,Vatsalya Women's Clinic,private clinic,18.5661755,73.8071905
Pune,4,Aundh-Baner,Lotus Clinic (Dr. Prachi Deshpande),private clinic,18.5551768,73.7961959
Pune,4,Aundh-Baner,Dr Batra's,private clinic,18.5553983,73.8095679
Pune,4,Aundh-Baner,NuAyurveda Clinic,private clinic,18.555967,73.807946
Pune,4,Aundh-Baner,Vitalife clinic,private clinic,18.563971,73.783057
Pune,4,Aundh-Baner,"Sunshine Physiotherapy Clinic ,Pune",private clinic,18.5576621,73.793673
Pune,4,Aundh-Baner,"Richfeel Trichology Centre, Aundh",private clinic,18.553839,73.805208
Pune,4,Aundh-Baner,Ashwini Eye Care Clinic,private clinic,18.5584909,73.7918017
Pune,4,Aundh-Baner,Dr Pandit's Clinic for Dental Excellence & Implant Centre Pune,private clinic,18.543201,73.785428
Pune,4,Aundh-Baner,Apollo Clinic - Aundh,private clinic,18.5566259,73.8088255
Pune,4,Aundh-Baner,Arogya diagnostic clinic,private clinic,18.5750263,73.7697739
Pune,4,Aundh-Baner,Women's Clinic,private clinic,18.5610659,73.8129524
Pune,4,Aundh-Baner,Yash Clinic,private clinic,18.5657754,73.7823362
Pune,4,Aundh-Baner,ENT & Vertigo Clinic,private clinic,18.5587283,73.7912102
Pune,4,Aundh-Baner,Vishwa Multispeciality Clinic & Diagnostics,private clinic,18.5618806,73.7854531
Pune,4,Aundh-Baner,Dr Poonam's ENT Clinic,private clinic,18.5740712,73.7767044
Pune,4,Aundh-Baner,Elite Dental Clinic,private clinic,18.5599961,73.789163
Pune,4,Aundh-Baner,HealthBay Clinic,private clinic,18.574537,73.773599
Pune,4,Aundh-Baner,Dr. Pharande's Orthodontic & Dental Clinic,private clinic,18.5605554,73.8045591
Pune,4,Aundh-Baner,Ashwini Homoeopathic Clinic & Pharmacy,private clinic,18.5656118,73.8069084
Pune,4,Aundh-Baner,"Dental Clinic in Baner, Pune - Jehangir Oracare Dental Centre",private clinic,18.564407,73.775071
Pune,4,Aundh-Baner,Dental Hub - Orthodontic Dental Clinic Baner Pune,private clinic,18.561429,73.785913
Pune,4,Aundh-Baner,"Dr. Ravi Kothari, Sparsh Skin Care Clinic",private clinic,18.560391,73.808357
Pune,4,Aundh-Baner,Dental Hub - Orthodontic Dental Clinic Baner Pune,private clinic,18.561429,73.785913
Pune,15,Bibwewadi,Dr. Tekawade Eye Clinic & Laser Center,private clinic,18.497339,73.858213
Pune,15,Bibwewadi,"Dental Sphere: Best Dentist in Pune, Dental Clinic in Mukund Nagar, Swargate, Pu",private clinic,18.49674,73.86376
Pune,15,Bibwewadi,"Dental Sphere: Best Dentist in Pune, Dental Clinic in Mukund Nagar, Swargate, Pu",private clinic,18.49674,73.86376
Pune,3,Dhole Patil,"Skin City India - Dermatology Clinic in Pune, Hair Transplantation Clinic, Skin",private clinic,18.5305342,73.8769023
Pune,3,Dhole Patil,Blush Clinics by Dr Jamuna Pai Pune,private clinic,18.5406983,73.8795937
Pune,3,Dhole Patil,Kaya Skin Clinic,private clinic,18.5391386,73.8988786
Pune,3,Dhole Patil,Dr.Sanjay Agarwal's Aegle Clinic,private clinic,18.538359,73.875842
Pune,3,Dhole Patil,RX Clinic,private clinic,18.5394259,73.8951133
Pune,3,Dhole Patil,Skin City India - Best Dermatologist in Camp Pune,private clinic,18.521637,73.876436
Pune,3,Dhole Patil,Dr Gogate`s Eye Clinic,private clinic,18.532037,73.874475
Pune,3,Dhole Patil,Morpheus Bliss Fertility Center,private clinic,18.536725,73.876726
Pune,3,Dhole Patil,Ruby Hall Clinic,private clinic,18.5335172,73.8773236
Pune,3,Dhole Patil,Panse Hospital,private clinic,18.5279466,73.8749931
Pune,3,Dhole Patil,Best Cardiologist in Pune - Dr. Rahul Patil,private clinic,18.532312,73.876551
Pune,3,Dhole Patil,Dr. Viral - Cosmetic & Hair Transplant Surgeon,private clinic,18.5362257,73.8987395
Pune,3,Dhole Patil,Dr Batra's,private clinic,18.5301,73.8629
Pune,3,Dhole Patil,"Life Force Homeopathy Clinic, Sasoon Road, Pune",private clinic,18.531353,73.876723
Pune,3,Dhole Patil,Dr. Viral - Cosmetic & Hair Transplant Surgeon,private clinic,18.5362257,73.8987395
Pune,1,Nagar Road-Wadgaonsheri,Express Clinics,private clinic,18.5451885,73.9095194
Pune,1,Nagar Road-Wadgaonsheri,Apollo Clinic - Viman Nagar,private clinic,18.5645194,73.9139048
Pune,1,Nagar Road-Wadgaonsheri,Express Clinics,private clinic,18.5677648,73.9147134
Pune,1,Nagar Road-Wadgaonsheri,Indira IVF Pune,private clinic,18.564151,73.907138
Pune,1,Nagar Road-Wadgaonsheri,The Family Clinic,private clinic,18.5527212,73.8896446
Pune,1,Nagar Road-Wadgaonsheri,The Family Doctor and The Family Pharma Viman Nagar,private clinic,18.566384,73.913643
Pune,1,Nagar Road-Wadgaonsheri,Aggarwal Speciality Clinic,private clinic,18.5578419,73.9089308
Pune,1,Nagar Road-Wadgaonsheri,Dr.Mathesul Dental & Orthodontic Braces Center,private clinic,18.554616,73.905808
Pune,1,Nagar Road-Wadgaonsheri,Sai Clinic,private clinic,18.5668834,73.9182365
Pune,1,Nagar Road-Wadgaonsheri,Life Active Physiotherapy Clinic,private clinic,18.555077,73.953214
Pune,1,Nagar Road-Wadgaonsheri,Skin Specialist in pune Viman Nagar Clinic,private clinic,18.561823,73.920425
Pune,1,Nagar Road-Wadgaonsheri,Homeopathy Clinic @ Kharadi Pune,private clinic,18.551602,73.938706
Pune,1,Nagar Road-Wadgaonsheri,Smile Essentials Family Dental Clinic,private clinic,18.5617281,73.9492295
Pune,1,Nagar Road-Wadgaonsheri,Dr. Damle Skin clinic,private clinic,18.5628057,73.9325977
Pune,1,Nagar Road-Wadgaonsheri,PhysioActive- Speciality Physiotherapy Clinic,private clinic,18.56455,73.907447
Pune,1,Nagar Road-Wadgaonsheri,Jeevan Jyot Clinic,private clinic,18.5653687,73.9141944
Pune,1,Nagar Road-Wadgaonsheri,Sparkle The Dental Clinic,private clinic,18.546734,73.901789
Pune,1,Nagar Road-Wadgaonsheri,Dr. Pawar's Dental Clinic,private clinic,18.564006,73.949777
Pune,1,Nagar Road-Wadgaonsheri,Spark The Skin Hair Laser Clinic,private clinic,18.5582664,73.9280038
Pune,1,Nagar Road-Wadgaonsheri,Dr. Dixit's Dental Speciality Clinic & Implant Centre,private clinic,18.5533601,73.8989983
Pune,1,Nagar Road-Wadgaonsheri,Aster Dental Clinic,private clinic,18.56498,73.917462
Pune,2,Yerwada-Kalas-Dhanori,Trust Clinic,private clinic,18.56839,73.882239
Pune,2,Yerwada-Kalas-Dhanori,Spandan Clinic,private clinic,18.57594,73.892962
Pune,2,Yerwada-Kalas-Dhanori,Dr AD Upadhyay's clinic DGCA Class I Medical Examiner,private clinic,18.577979,73.894043
Pune,2,Yerwada-Kalas-Dhanori,Express Clinics,private clinic,18.5700693,73.878454
Pune,2,Yerwada-Kalas-Dhanori,Express Clinics,private clinic,18.5700693,73.878454
Pune,10,Hadapsar-Mundhawa,Ivory Dental Clinic,private clinic,18.493721,73.933122
Pune,10,Hadapsar-Mundhawa,Express Clinics,private clinic,18.5099209,73.92838
Pune,10,Hadapsar-Mundhawa,"Apollo Clinic - Wanowrie, Pune",private clinic,18.4793626,73.8960878
Pune,10,Hadapsar-Mundhawa,Homeo Care Clinic,private clinic,18.5061464,73.9274336
Pune,10,Hadapsar-Mundhawa,Sai Cosmetic Clinic - Hair Transplant Surgery Clinic & Skin Care Treatment in Pu,private clinic,18.5321814,73.9331529
Pune,10,Hadapsar-Mundhawa,Physiotherapy Clinic,private clinic,18.502308,73.929879
Pune,10,Hadapsar-Mundhawa,Arcus Clinic,private clinic,18.4811863,73.9033259
Pune,10,Hadapsar-Mundhawa,Pune Center Of Homoeopathy Dr.Upasani's clinic,private clinic,18.4787696,73.8966072
Pune,10,Hadapsar-Mundhawa,Physiotherapy Clinic Pune NIBM,private clinic,18.4775269,73.9015156
Pune,11,Wanawadi-Ramtekdi,Sai Clinic,private clinic,18.5011464,73.9242251
Pune,11,Wanawadi-Ramtekdi,NANDINI CLINIC,private clinic,18.489529,73.899958
Pune,11,Wanawadi-Ramtekdi,Prarthna Clinic,private clinic,18.4817829,73.8990373
Pune,11,Wanawadi-Ramtekdi,Kaya Skin Clinic,private clinic,18.502443,73.9003395
Pune,11,Wanawadi-Ramtekdi,I - Care Clinic,private clinic,18.4942611,73.8999457
Pune,11,Wanawadi-Ramtekdi,Tooth Clinic,private clinic,18.5042105,73.9014439
Pune,11,Wanawadi-Ramtekdi,Dr Batra's,private clinic,18.4969802,73.9005432
Pune,11,Wanawadi-Ramtekdi,Psychiatrist in Pune - The Rational Psychiatrist Dr Manish Bajpayee,private clinic,18.483929,73.889862
Pune,12,Kondhwa-Yewalewadi,Eye Clinic,private clinic,18.4622284,73.8927897
Pune,7,Dhankawadi-Sahakarnagar,"Nuleaf Hair Transplant Centre, Pune",private clinic,18.489545,73.857339
Pune,7,Dhankawadi-Sahakarnagar,Express Clinics Pvt Ltd,private clinic,18.492305,73.856747
Pune,7,Dhankawadi-Sahakarnagar,Dr. Vaijayanti V. Bodas,private clinic,18.488712,73.856945
Pune,7,Dhankawadi-Sahakarnagar,Walimbe Eye Clinic,private clinic,18.4858978,73.8536858
Pune,7,Dhankawadi-Sahakarnagar,Mother Hope Fertility Clinic,private clinic,18.4890457,73.8570426
Pune,13,Kasba-Vishrambagwada,Family Doctor Clinic,private clinic,18.5205081,73.8567695
Pune,13,Kasba-Vishrambagwada,Wagh Eye Clinic,private clinic,18.506821,73.840436
Pune,13,Kasba-Vishrambagwada,"Healing Hands Clinic, Tilak Road",private clinic,18.50417,73.854841
Pune,13,Kasba-Vishrambagwada,"Skiin Bliss Clinic, Pune",private clinic,18.506873,73.851803
Pune,13,Kasba-Vishrambagwada,Richfeel Trichology Centre,private clinic,18.514315,73.849749
Pune,13,Kasba-Vishrambagwada,Chiranjeev Clinic,private clinic,18.5119559,73.8534704
Pune,13,Kasba-Vishrambagwada,Dr. Vaidya Skin and Laser Treatment Clinic,private clinic,18.5109166,73.8506744
Pune,13,Kasba-Vishrambagwada,Dr. Manoj Chinchwadkar's Critical Ultrasonography Clinic,private clinic,18.507346,73.851932
Pune,13,Kasba-Vishrambagwada,Painex - Pain Clinic in Pune,private clinic,18.516445,73.851879
Pune,13,Kasba-Vishrambagwada,Cyber Allergy Clinic,private clinic,18.5022966,73.8583978
Pune,13,Kasba-Vishrambagwada,"Nova IVI Fertility Clinic Pune, Maharastra",private clinic,18.5030333,73.8520671
Pune,13,Kasba-Vishrambagwada,Dr Shridhar Chiplunkar,private clinic,18.5117516,73.8502007
Pune,13,Kasba-Vishrambagwada,HomeoCure™ Homeopathy Clinic,private clinic,18.507359,73.851338
Pune,13,Kasba-Vishrambagwada,"Dr. Nanal - Sex specialist doctor and clinic pune, sexologist in pune",private clinic,18.522298,73.865999
Pune,13,Kasba-Vishrambagwada,Shining Smiles Orthodontic & Multispeciality Dental Clinic,private clinic,18.51343,73.855627
Pune,13,Kasba-Vishrambagwada,Dr Shridhar Chiplunkar,private clinic,18.5117516,73.8502007
Pune,13,Kasba-,HomeoCure™ Homeopathy Clinic,private clinic,18.507359,73.851338
Pune,14,Bhawani Peth,Pune Dental Clinic,private clinic,18.5030247,73.8632659
Pune,8,Sinhagad Road,Skin City,private clinic,18.494578,73.836122
Pune,8,Sinhagad Road,Dr.Chavan Clinic,private clinic,18.478815,73.824445
Pune,8,Sinhagad Road,Sparsh Skin & ENT Clinic,private clinic,18.4807271,73.8258652
Pune,8,Sinhagad Road,rejuva skin clinic,private clinic,18.465353,73.816526
Pune,8,Sinhagad Road,Dr.Karne Women's Clinic,private clinic,18.477408,73.818996
Pune,8,Sinhagad Road,"ADVANCED STROKE & PARALYSIS CLINIC, Pune Specialist Doctor",private clinic,18.500897,73.845902
Pune,8,Sinhagad Road,Shubham Skin Clinic,private clinic,18.4747751,73.814956
Pune,5,Shivajinagar-Ghole Road,The Cedar Clinic Infertility Center,private clinic,18.518731,73.8342537
Pune,5,Shivajinagar-Ghole Road,Paranjpe Eye Clinic,private clinic,18.5183819,73.8403901
Pune,5,Shivajinagar-Ghole Road,Naik Clinic,private clinic,18.528687,73.842839
Pune,5,Shivajinagar-Ghole Road,Painex - Pain Clinic in Pune,private clinic,18.527001,73.842176
Pune,5,Shivajinagar-Ghole Road,Pune Fertility Centre,private clinic,18.5287659,73.8478822
Pune,5,Shivajinagar-Ghole Road,Hair Science Robotic Hair Transplant Clinic,private clinic,18.545273,73.829756
Pune,5,Shivajinagar-Ghole Road,Visage Skin Clinic,private clinic,18.520873,73.841493
Pune,5,Shivajinagar-Ghole Road,32 Smiles,private clinic,18.524747,73.849466
Pune,5,Shivajinagar-Ghole Road,Pandit Plastic Surgery Clinic,private clinic,18.5234394,73.8495823
Pune,5,Shivajinagar-Ghole Road,NuAyurveda Clinic,private clinic,18.517106,73.836531
Pune,5,Shivajinagar-Ghole Road,Define Aesthetics,private clinic,18.531965,73.830489
Pune,5,Shivajinagar-Ghole Road,dentspa best dental clinic in pune,private clinic,18.530822,73.847464
Pune,5,Shivajinagar-Ghole Road,Gupte Hospital,private clinic,18.5191366,73.8399448
Pune,5,Shivajinagar-Ghole Road,"Jehangir Oracare Dental Centre - Bhosale Nagar, Pune",private clinic,18.542725,73.838442
Pune,5,Shivajinagar-Ghole Road,Sancheti Hospital,private clinic,18.5299852,73.8530692
Pune,5,Shivajinagar-Ghole Road,"Orthodontic, Dental clinic, Dental implant, Root canal, Teeth whitening, Deccan",private clinic,18.515868,73.841703
Pune,5,Shivajinagar-Ghole Road,"Dental Sphere: Best Dentist, Dental Clinic on F.C.Road, Deccan, Pune",private clinic,18.524969,73.841222
Pune,5,Shivajinagar-Ghole Road,Walvekar Dr Shubhada,private clinic,18.5274682,73.8269515
Pune,9,Warje-Karvenagar,Specialty Eye Clinics,private clinic,18.508281,73.830227
Pune,9,Warje-Karvenagar,"Best Liposuction, Gynecomastia, Nose Cosmetic Surgery Clinic in Pune - Cosmetic",private clinic,18.510093,73.834494
Pune,9,Warje-Karvenagar,Kilbil Clinic,private clinic,18.485132,73.8110948
Pune,9,Warje-Karvenagar,Jeevan Sadhana Clinic,private clinic,18.505277,73.824124
Pune,9,Warje-Karvenagar,Dr. Tandulwadkar's Solo Clinic,private clinic,18.510714,73.835288
Pune,9,Warje-Karvenagar,Shri Dashabhuja X-Ray Clinic,private clinic,18.5057279,73.8261294
Pune,9,Warje-Karvenagar,Kaya Skin Clinic,private clinic,18.51018,73.8301586
Pune,9,Warje-Karvenagar,Prabhudesai Eye Clinic,private clinic,18.5008587,73.8203059
Pune,9,Warje-Karvenagar,Hand Surgery Clinics,private clinic,18.5015692,73.8252926
Pune,9,Warje-Karvenagar,Nadkarni Clinic,private clinic,18.502818,73.828832
Pune,9,Warje-Karvenagar,"ASHA SKIN, HAIR & LASER CLINIC",private clinic,18.486955,73.812883
Pune,9,Warje-Karvenagar,Smile N Shine,private clinic,18.503152,73.819539
Pune,9,Warje-Karvenagar,Novo Grace Skin Clinic,private clinic,18.504899,73.832172
Pune,9,Warje-Karvenagar,Best ivf infertility specialist in Pune Pcmc - Xenith Clinic,private clinic,18.514103,73.828748
Pune,9,Warje-Karvenagar,Cosmetic Laser Surgery Center,private clinic,18.5102285,73.8382306
Pune,9,Warje-Karvenagar,"Neuro Psychiatry Clinic, Pune",private clinic,18.486128,73.796409
Pune,6,Kothrud-Bawdhan,Homoeopathic Dispensary,Dispensary,18.49894,73.804159
Pune,6,Kothrud-Bawdhan,Dr Rane's Dispensary,Dispensary,18.495178,73.8127564
Pune,4,Aundh-Baner,Habbu Homoeo Clinic,Dispensary,18.542875,73.8176473
Pune,4,Aundh-Baner,Dispensary - Dr. B. T. Wani,Dispensary,18.5646672,73.8110299
Pune,4,Aundh-Baner,K.Baburao Genba Shewale Dispensary,Dispensary,18.562649,73.832739
Pune,4,Aundh-Baner,Sahadeo Eknath Nimhan Dispensary,Dispensary,18.5377887,73.7959732
Pune,4,Aundh-Baner,Dispensary,Dispensary,18.539337,73.794978
Pune,4,Aundh-Baner,Dispensary Clinic,Dispensary,18.5623609,73.8029859
Pune,4,Aundh-Baner,"""MUPPRA"" Kerala Ayurvedic Treatment Centre, Baner, PUNE",Dispensary,18.557115,73.794593
Pune,15,Bibwewadi,Bhaktiii Group of Homoeopathy Dispensaries,Dispensary,18.4809111,73.8744782
Pune,3,Dhole Patil,Dispensary,Dispensary,18.5276925,73.8761294
Pune,3,Dhole Patil,Dr Tendulkar's Dispensary,Dispensary,18.5116074,73.8705748
Pune,3,Dhole Patil,Four Fountains De-Stress Spa,Dispensary,18.536767,73.898448
Pune,3,Dhole Patil,National Institute of Naturopathy,Dispensary,18.5315624,73.8740255
Pune,1,Nagar Road- Wadgaonsheri,Parees Homeopathy Clinic,Dispensary,18.550356,73.893627
Pune,1,Nagar Road- Wadgaonsheri,"'MUPPRA"" Kerala Ayurvedic Treatment Centre, Viman Nagar, Pune",Dispensary,18.565275,73.915375
Pune,11,Wanawadi-Ramtekdi,INAMDAR MULTISPECIALITY Hospital,Dispensary,18.481893,73.891875
Pune,13,Kasba-Vishrambagwada,Dr Jagtap Dispensary,Dispensary,18.5051912,73.8382896
Pune,13,Kasba-Vishrambagwada,HomeoCure™ Homeopathy Clinic,Dispensary,18.507359,73.851338
Pune,13,Kasba-Vishrambagwada,Dr. Manohar Gadre,Dispensary,18.5153929,73.850178
Pune,14,Bhawani Peth,V.V And Co.,Dispensary,18.515351,73.856388
Pune,14,Bhawani Peth,Dispensary,Dispensary,18.517775,73.866962
Pune,14,Bhawani Peth,Sawan Kirpal Ruhani Mission (SKRM) - Kirpal Ashram,Dispensary,18.502222,73.865461
Pune,5,Shivajinagar-Ghole Road,Central Government Health Services Dispensary,Dispensary,18.5513194,73.8199604
Pune,5,Shivajinagar-Ghole Road,Dr. Zine Patil Dispensary - Family Physician,Dispensary,18.5297967,73.8327551
Pune,5,Shivajinagar-Ghole Road,Dr. Suresh Parasnis Dispensary,Dispensary,18.529241,73.830514
Pune,5,Shivajinagar-Ghole Road,Dr. Meena Ambule,Dispensary,18.5254603,73.8304487
Pune,5,Shivajinagar-Ghole Road,Pashan Dispensary,Dispensary,18.5315796,73.8501753
Pune,5,Shivajinagar-Ghole Road,Pune Municipal Corpn Dispensaries,Dispensary,18.5308225,73.8474647
Pune,5,Shivajinagar-Ghole Road,Dr Deven Raisoni,Dispensary,18.5163528,73.8422415
