CityName,Police Station Name,Address,Latiutude,Longitude
Pune,Hadapsar Police Station,"Sholapur Rd, Gadital, Hadapsar, Pune, Maharashtra 411028",18.5004347,73.9395879
Pune,Police Station,"Hadapsar Rd, Tarawade Vasti, Undri, Pune, Maharashtra 411028",18.4752589,73.924989
Pune,Bibwewadi Police Station,"Swami Vivekanand Rd, Upper Indira Nagar, Bibvewadi, Pune, Maharashtra 411037",18.4672524,73.8641823
Pune,Center Of Police Research,"Pashan Rd, Pashan, Pune, Maharashtra 411008",18.54072,73.822497
Pune,Katraj Police Chowki,"Katraj Chowk, Santosh Nagar, Pune, Maharashtra 411038",18.4467405,73.8585979
Pune,Warje Malwadi Police Chowki,"Giridhar Nagar, Warje, Pune, Maharashtra 411058",18.4804818,73.8009341
Pune,Prabhat Police Chowky,"Prabhat Rd, Deccan, Erandwana, Pune, Maharashtra 411004",18.5144406,73.8332788
Pune,Balgandharva Police Chowky,"Jangali Maharaj Rd, Shivajinagar, Pune, Maharashtra 411004",18.5219448,73.8475182
Pune,Sahakar Nagar Police Station,"Sarve No.-2833,Parvati,Near Padmavati Temple, Pune, Maharashtra 411048",18.4645115,73.8872252
Pune,Sinhgad Road Police Station,"Sun City Rd, Sun City, Daulat Nagar, Pune, Maharashtra 411051",18.473053,73.8142409
Pune,Ramoshi Gate Police Station,"Next To The Fule High School, Jawaharlal Nehru Rd, Bhawani Peth, Pune, Maharasht",18.5109077,73.8682398
Pune,Mangaldas Police Station,"Bund Garden Rd, Sangamvadi, Pune, Maharashtra 411001",18.5340392,73.8789242
Pune,Tadiwala Police Station,"Lumbini Nagar, Sangamvadi, Pune, Maharashtra 411001",18.537371,73.873285
Pune,Chaturshringi Police Station,"Pashan Rd, NCL Colony, Pashan, Pune, Maharashtra 411008",18.5427018,73.8287244
Pune,Padamjee Police Chowki,"1040, Waghmare Guruji Path, New Nana Peth, Bhawani Peth, Pune, Maharashtra 41100",18.5106336,73.8720847
Pune,Mundhawa Police Thane,"Mundhwa Rd, Magarpatta City, Mundhwa, Pune, Maharashtra 411036",18.5343871,73.9276151
Pune,Kothrud Police Station,"Paud Rd, Navbhumi, Shastri Nagar, Kothrud, Pune, Maharashtra 411038",18.5065927,73.8024563
Pune,Lashkar Police Station,"Hulshur, Camp, Pune, Maharashtra 411001",18.5136943,73.8807204
Pune,Perugate Police Chowky,"1224, Karandiikar Rd, Perugate, Sadashiv Peth, Pune, Maharashtra 411030",18.5114354,73.8487609
Pune,Senadatta Police Chowky,"Lal Bahadur Shastri Road, Lokmanya Nagar, Sadashiv Peth, Pune, Maharashtra 41103",18.5051906,73.8446065
Pune,Chaturshrungi Police Station,"Vidyapeeth Road, Ganeshkhind, Pune, Maharashtra 411007",18.5465749,73.8258359
Pune,Kasba Peth Police Station,"Shnivarwada, Shivaji Rd, Kasba Peth, Pune, Maharashtra 411011",18.520495,73.8559879
Pune,Narhe Police Station,"Wadgaon Budruk, Narhe, Pune, Maharashtra 411041",18.4568042,73.8243712
Pune,Kondhwa Police Station,"Kondhwa Road, Kondhwa, Pune, Maharashtra 411048",18.4660622,73.8906096
Pune,Samarth Police Station,"Somwar Peth, Pune, Maharashtra 411011",18.5202459,73.869658
Pune,Alankar Police Station,"P-16, Alankar Pool Road, Bharatkunj - 1, Erandwane, Pune, Maharashtra 411052",18.498391,73.826179
Pune,Aundh Police Chowki / Aundh Police Station,"Ward No. 8, Aundh Gaon, Aundh, Pune, Maharashtra 411027",18.5616086,73.8136243
Pune,Sahakar Nagar Police Chowky,"Sahakar Nagar, Walvekar Nagar, Parvati Paytha, Pune, Maharashtra 411009",18.4783181,73.8515392
Pune,CID Office,"Maharashtra State Hq, Shivaji Nagar, Near Sangam Bridge, Pune, Maharashtra 41100",18.5291703,73.8590245
Pune,Police Wireless & Spl,"Chandan Nagar, Police Headquarter, Pashan Road, Pashan, Pune, Maharashtra 411008",18.5390577,73.8094622
Pune,Police Wireless M S & Spl I G P,"Pashan, Pune, Maharashtra 411021",18.5352778,73.7827778
Pune,Nana Peth Police Chowky,"Vednath S Marg, Anutej Symphony Society, New Nana Peth, Rasta Peth, Pune, Mahara",18.5158349,73.8646487
Pune,Khadi Machine Police Chowki,"Katraj - Kondhwa Rd, Kondhwa Budruk, Pune, Maharashtra 411048",18.4530801,73.8836263
Pune,Narpatgiri Police Chowki,"428, Jawaharlal Nehru Rd, Saraswat Colony, Mangalwar Peth, Somwar Peth, Pune, Ma",18.522685,73.8673704
Pune,Karve Nagar Police Station,"114/A, Warje Malwadi Rd, Hingne Budrukh, Karve Nagar, Pune, Maharashtra 411052",18.4907586,73.8153671
Pune,Vimantal Police Station,"10, Pune-Ahamad Nagar Highway, Clover Park, Viman Nagar, Pune, Maharashtra 41101",18.5659195,73.9149293
Pune,Vishrantwadi Police Station,"Survey No-90, Mental Corner, Yerawada ,, Alandi Rd, Pune, Maharashtra 411006",18.5648596,73.8777822
Pune,Koregaonpark Police Station,"Lane No. 4- A, Pune, Maharashtra 411001",18.533497,73.8856255
Pune,Parnakuti police Chowkey,"Nawanagar, Salwe Nagar, Sangamvadi, Pune, Maharashtra 411006",18.5446855,73.884393
Pune,Magarpatta Police Station,"Magarpatta Police Station Rd, Kirtane Baugh, Magarpatta City, Hadapsar, Pune, Ma",18.5201846,73.9311821
Pune,Bundgarden Police Station,"Moledina Road, near Collector Office, old Zilla Parishad, Pune Staion, Somwar Pe",18.5239477,73.8705049
Pune,Camp Police Station,"Church Path, Agarkar Nagar, Pune, Maharashtra 411001",18.5222714,73.875458
Pune,Haveli Police Station,"Sinhagad Rd, Wadgaon Budruk, Narhe, Pune, Maharashtra 411041",18.4660485,73.8165252
Pune,Bavdhan Police Station,"Pashan Rd, Ram Nagar, Bavdhan, Pune, Maharashtra 411021",18.522595,73.7798764
Pune,Chandan Nagar Police Station,"S NO 37, Behind Sundarabai Marathe School, Old Mundhwa Road, Chandan Nagar, Pune",18.5572314,73.9290673
Pune,Police Station,"A9/2, N Main Rd, Meera Nagar Garden Society, Liberty Phase 2, Meera Nagar, Koreg",18.5394402,73.8998047
Pune,Deccan Police Station,"759/5, Prabhat Road, Deccan, Gymkhana, Pune, Maharashtra 411004",18.5142766,73.8401408
Pune,Dattawadi Police Station,"Shahu College Rd, Laxmi Nagar, Parvati Paytha, Pune, Maharashtra 411009",18.4927624,73.8482885
Pune,Kothrud Police Station,"Paud Rd, Kelewadi, Gokhalenagar, Pune, Maharashtra 411038",18.5063372,73.8248365
Pune,Khadak Police Station,"Shivaji Rd, Shukrawar Peth, Pune, Maharashtra 411002",18.5075017,73.8581684
Pune,Swargate Police Station,"Police Colony, Swargate, Pune, Maharashtra 411042",18.5006875,73.8595987
Pune,Shivajinagar Police Station,"Opp. S.S.C- H.S.C. Board, Shivajinagar, Pune, Maharashtra 411005",18.5300524,73.850092
Pune,Police Station,"Guruwar Peth, Pune, Maharashtra 411042",18.5040991,73.8627441
Pune,Bharati vidyapeeth Police Station,"NH 4, Dhankawadi, Pune, Maharashtra 411043",18.458988,73.8577343
Pune,Wanawadi Police Station,"Hadapsar Industrial Estate, Hadapsar, Pune, Maharashtra",18.5071596,73.9177621
Pune,Yerwada Police Station,"Loop Road, Shastrinagar, Yerawada, Pune, Maharashtra 411006",18.5525753,73.8960144
Pune,Narayan Peth Police Station,"Narayan Peth, Pune, Maharashtra 411030",18.5162231,73.8479023
Pune,Police Station,"Warje Malwadi Rd, Giridhar Nagar, Warje, Pune, Maharashtra 411058",18.4814154,73.8019738
Pune,Bundgarden Police Station,"Moledina Road, near Collector Office, old Zilla Parishad, Pune Staion, Somwar Pe",18.5239477,73.8705049
